{
  "sarimax": {
    "MAE": 13.556571994189488,
    "RMSE": 17.50378816918224,
    "MAPE": 9.250539106612331
  },
  "naive": {
    "MAE": 29.382894672838592,
    "RMSE": 30.767559719563238,
    "MAPE": 20.43374500013369
  },
  "moving_average": {
    "MAE": 28.324070398572918,
    "RMSE": 29.75804421807788,
    "MAPE": 19.682592404433517
  },
  "selected_order": "(0, 1, 3)",
  "selected_seasonal": "(0, 1, 1, 12)"
}