{
  "MAE": 13.556571994189488,
  "RMSE": 17.50378816918224,
  "MAPE": 9.250539106612331
}